{"Year":[2016,2016,2016],"UNIT_MEASURE":["% od ukupno","% od ukupno","% od ukupno"],"Spol":["Oba spola","M","\u017d"],"Value":[8.356501503,8.485822577,8.191714568]}