{"data":{"Year":[2016,2016,2016],"UNIT_MEASURE":["% \u043e\u0434 \u0443\u043a\u0443\u043f\u043d\u043e","% \u043e\u0434 \u0443\u043a\u0443\u043f\u043d\u043e","% \u043e\u0434 \u0443\u043a\u0443\u043f\u043d\u043e"],"\u041f\u043e\u043b":["\u041e\u0431\u0430 \u043f\u043e\u043b\u0430","M","\u0416"],"Value":[8.356501503,8.485822577,8.191714568]},"edges":[]}