Year,UNIT_MEASURE,Пол,Value
2016,_%,Оба пола,8.356501503
2016,_%,M,8.485822577
2016,_%,Ж,8.191714568
