{"Year":[2016,2016,2016],"UNIT_MEASURE":["% of total","% of total","% of total"],"Sex":["Both sexes","M","F"],"Value":[8.356501503,8.485822577,8.191714568]}