Year,UNIT_MEASURE,SEX,Value
2016,_%,_T,8.356501503
2016,_%,M,8.485822577
2016,_%,F,8.191714568
