{"Year":[2016,2016,2016],"UNIT_MEASURE":["_%","_%","_%"],"SEX":["_T","M","F"],"Value":[8.356501503,8.485822577,8.191714568]}